{"is_source_file": true, "format": "JavaScript (ES module, .mjs)", "description": "This file is an ESLint configuration module written in JavaScript. It sets up linting rules, plugin configurations, and environment globals for a JavaScript and React project, specifying parsing options and plugin-related settings.", "external_files": ["@eslint/js", "eslint-plugin-react"], "external_methods": [], "published": [], "classes": [], "methods": [{"name": "default export", "description": "An array of ESLint configuration objects defining environment, rules, and plugin settings."}], "calls": ["pluginJs", "pluginReact", "pluginJs.configs.recommended"], "search-terms": ["eslint", "eslint.config", "JavaScript", "React", "eslint plugin react", "eslint parser options", "rules configuration"], "state": 2, "file_id": 9, "knowledge_revision": 20, "git_revision": "f2a9731274a5bf12a545444d3f0309d2f48dd78b", "hash": "be6538e7523bc2e9da0743133d784136", "format-version": 4, "code-base-name": "todo_frontend", "filename": "todo_frontend/eslint.config.mjs", "revision_history": [{"20": "f2a9731274a5bf12a545444d3f0309d2f48dd78b"}]}