{"is_source_file": false, "format": null, "description": "", "external_files": [], "external_methods": [], "published": [], "classes": [], "methods": [], "calls": [], "search-terms": ["manifest.json", "React App", "create-react-app", "icons", "start_url"], "state": 2, "file_id": 12, "knowledge_revision": 19, "git_revision": "f2a9731274a5bf12a545444d3f0309d2f48dd78b", "hash": "d9d975cebe2ec20b6c652e1e4c12ccf0", "format-version": 4, "code-base-name": "todo_frontend", "filename": "todo_frontend/public/manifest.json", "revision_history": [{"19": "f2a9731274a5bf12a545444d3f0309d2f48dd78b"}]}