{"is_source_file": true, "format": "JavaScript", "description": "This is the main entry point for a React application, responsible for rendering the root component into the DOM.", "external_files": ["react", "react-dom/client", "./index.css", "./App"], "external_methods": ["ReactDOM.createRoot", "root.render"], "published": ["React", "ReactDOM", "root"], "classes": [], "methods": [{"name": "ReactDOM.createRoot", "description": "Creates a root to render a React component tree."}, {"name": "root.render", "description": "Renders the React component tree into the DOM."}], "calls": ["ReactDOM.createRoot", "root.render"], "search-terms": ["ReactDOM", "index.js", "render", "React.StrictMode", "createRoot", "render method", "React application entry point"], "state": 2, "file_id": 6, "knowledge_revision": 25, "git_revision": "f2a9731274a5bf12a545444d3f0309d2f48dd78b", "ctags": [{"_type": "tag", "name": "root", "path": "/home/kavia/workspace/code-generation/simple-to-do-list-199302-199313/todo_frontend/src/index.js", "pattern": "/^const root = ReactDOM.createRoot(document.getElementById('root'));$/", "language": "JavaScript", "kind": "constant"}], "hash": "9fc5841375336fc175b49f8767a11383", "format-version": 4, "code-base-name": "todo_frontend", "filename": "todo_frontend/src/index.js", "revision_history": [{"25": "f2a9731274a5bf12a545444d3f0309d2f48dd78b"}]}