{"is_source_file": false, "format": "", "description": "", "external_files": [], "external_methods": [], "published": [], "classes": [], "methods": [], "calls": [], "search-terms": [], "state": 2, "file_id": 10, "knowledge_revision": 23, "git_revision": "f2a9731274a5bf12a545444d3f0309d2f48dd78b", "hash": "d001d53c059625c4bcf75bf5a7f3fcf0", "format-version": 4, "code-base-name": "todo_frontend", "filename": "todo_frontend/package.json", "revision_history": [{"23": "f2a9731274a5bf12a545444d3f0309d2f48dd78b"}]}