{"is_source_file": true, "format": "JavaScript (React JSX)", "description": "This source file contains a React functional component named App that manages theme toggling between light and dark modes using React hooks. It renders a button to switch themes, displays the current theme, and includes some static content like a logo image and links.", "external_files": ["./logo.svg", "./App.css"], "external_methods": [], "published": ["App"], "classes": [], "methods": [{"name": "App()", "description": "React functional component that manages theme state and renders the UI.", "scope": "", "scopeKind": ""}, {"name": "toggleTheme", "description": "Function that toggles the theme state between 'light' and 'dark'."}], "calls": ["React.useState", "React.useEffect", "document.documentElement.setAttribute", "setTheme", "prevTheme => prevTheme === 'light' ? 'dark' : 'light'"], "search-terms": ["React theme toggle", "useState", "useEffect", "React JSX component", "light dark mode toggle", "App.js"], "state": 2, "file_id": 5, "knowledge_revision": 24, "git_revision": "f2a9731274a5bf12a545444d3f0309d2f48dd78b", "ctags": [{"_type": "tag", "name": "App", "path": "/home/kavia/workspace/code-generation/simple-to-do-list-199302-199313/todo_frontend/src/App.js", "pattern": "/^function App() {$/", "language": "JavaScript", "kind": "function", "signature": "()"}, {"_type": "tag", "name": "Switch to ${theme === 'light' ? 'dark' : 'light'} mode", "path": "/home/kavia/workspace/code-generation/simple-to-do-list-199302-199313/todo_frontend/src/App.js", "pattern": "/^          aria-label={`Switch to ${theme === 'light' ? 'dark' : 'light'} mode`}$/", "language": "JavaScript", "kind": "field", "scope": "App.aria", "scopeKind": "class"}, {"_type": "tag", "name": "toggleTheme", "path": "/home/kavia/workspace/code-generation/simple-to-do-list-199302-199313/todo_frontend/src/App.js", "pattern": "/^          onClick={toggleTheme}$/", "language": "JavaScript", "kind": "field", "scope": "App.onClick", "scopeKind": "class"}], "hash": "b55dd9e6a018e59207d8e277dffd9e11", "format-version": 4, "code-base-name": "todo_frontend", "filename": "todo_frontend/src/App.js", "fields": [{"name": "aria-label={`Switch to ${theme === 'light' ? 'dark' : 'light'} mode`}", "scope": "App.aria", "scopeKind": "class", "description": "unavailable"}, {"name": "onClick={toggleTheme}", "scope": "App.onClick", "scopeKind": "class", "description": "unavailable"}], "revision_history": [{"24": "f2a9731274a5bf12a545444d3f0309d2f48dd78b"}]}